Name,Brand,Price
! FORK DUST SEALS KIT 56-121,All Balls Racing,$69.31
"1-7/8"" Ball for 432007 & 431008 receivers",All Balls Racing,$26.79
"1/4"" ELECTRICAL TERMINAL (6mm) SOLD EACH",All Balls Racing,$4.27
1/4in. to 10/32in. JackShaft Conversion Bolt. .,All Balls Racing,Regular price$14.23Sale price$9.96Save $4.27
25mm ABS Sealed Wheel Bearing. Fits H-D with ABS.,All Balls Racing,$62.29
25mm x 20.6mm wide Wheel Bearing,All Balls Racing,$132.07
"5/16"""" ELECTRICAL TERMINAL (8mm) SOLD EACH",All Balls Racing,$1.96
A ARM BUSHING ONLY KIT - CAN AM OUTLANDER 1000 EFI 201,All Balls Racing,$37.74
A-ARM BUSH 50-1020 FRNT TRX,All Balls Racing,$117.43
A-ARM BUSH KIT 50-1048,All Balls Racing,$34.23
A-ARM BUSH KIT 50-1121,All Balls Racing,$23.22
A-ARM IRS KIT 50-1080 CAN-AM,All Balls Racing,$99.05
A-ARM KIT 50-1008,All Balls Racing,Regular price$66.32Sale price$46.42Save $19.90
A-ARM KIT 50-1029,All Balls Racing,$97.44
A-ARM KIT 50-1049 - BUSH KIT ONLY,All Balls Racing,$17.63
A-ARM KIT 50-1058,All Balls Racing,$72.66
A-ARM KIT 50-1059,All Balls Racing,Regular price$340.58Sale price$238.41Save $102.17
A-ARM KIT 50-1061,All Balls Racing,Regular price$16.02Sale price$11.21Save $4.81
A-ARM KIT 50-1062 CAN-AM (bushes only),All Balls Racing,$29.96
A-ARM KIT 50-1079,All Balls Racing,$79.41
A-ARM KIT 50-1094,All Balls Racing,$73.58
A-ARM KIT 50-1096 POL RANGER,All Balls Racing,$37.45
A-ARM KIT 50-1097 POL RANGER,All Balls Racing,$36.82
A-ARM KIT 50-1118 – RANGER 1000 DIESEL 15-17 / 900 14-17,All Balls Racing,$45.11
A-ARM KIT 50-1126 CAN-AM,All Balls Racing,$72.55
A-ARM KIT 50-1127 CAN-AM,All Balls Racing,$46.72
A-ARM KIT 50-1131 RZR,All Balls Racing,$70.65
A-ARM KIT 50-1133 MAVERICK,All Balls Racing,$95.01
A-ARM KIT 50-1134 RR IND SUSP CAN AM,All Balls Racing,Regular price$357.00Sale price$249.90Save $107.10
A-ARM KIT 50-1135 SPORTSMAN RANGER,All Balls Racing,$101.06
A-ARM KIT 50-1141 POL SCRAMBLER,All Balls Racing,$176.02
A-ARM KIT 50-1142,All Balls Racing,Regular price$60.95Sale price$42.67Save $18.28
A-ARM KIT 50-1143 CAN AM Outlander / Renegade,All Balls Racing,$72.55
A-ARM KIT 50-1165 – SPORTSMAN 450 570 16-17/ACE 570 17,All Balls Racing,$63.27
A-ARM KIT 50-1173,All Balls Racing,Regular price$315.69Sale price$220.98Save $94.71
A-ARM KIT 50-1173K,All Balls Racing,$144.96
A-ARM KIT 50-1176,All Balls Racing,$151.94
A-ARM KIT 50-1186,All Balls Racing,Regular price$69.71Sale price$48.80Save $20.91
A-ARM KIT 50-1187,All Balls Racing,Regular price$69.71Sale price$48.80Save $20.91
A-ARM KIT CAN-AM IRS,All Balls Racing,$100.08
A-ARM KIT IRS LTA750 09-13,All Balls Racing,$261.08
A-ARM KIT LOWER 50-1028 KFX/LTZ400,All Balls Racing,$108.03
A-ARM KIT LOWER 50-1031 KVF650/700,All Balls Racing,$154.08
A-ARM KIT LOWER 50-1038 TRX250-500 (BUSH KIT),All Balls Racing,$98.13
A-ARM KIT LOWER 50-1039 LTZ/LTA/LTF,All Balls Racing,$103.14
A-ARM KIT LOWER/UPPER 50-1011,All Balls Racing,$92.25
A-ARM KIT LOWER/UPPER 50-1034 RR YFM,All Balls Racing,$260.39
A-ARM KIT LOWER/UPPER 50-1035 Rr TRX650/680 RINCON,All Balls Racing,$296.38
A-ARM KIT LOWER/UPPER 50-1036,All Balls Racing,$78.65
A-ARM KIT LOWER\UPPER 50-1001,All Balls Racing,$140.83
A-ARM KIT LOWER\UPPER 50-1009,All Balls Racing,$117.95
A-ARM KIT LTA 450 K/QUAD 08-10 IRS KIT,All Balls Racing,$330.10
A-ARM KIT POLARIS - Bushes only,All Balls Racing,$29.21
A-ARM KIT REAR SUZ LTA-400 700 (2 reqd per vehicle),All Balls Racing,$290.86
A-ARM KIT UPPER 50-1003 TRX500 01-13,All Balls Racing,$71.21
A-ARM KIT UPPER 50-1004,All Balls Racing,Regular price$73.58Sale price$51.51Save $22.07
A-ARM KIT UPPER 50-1005,All Balls Racing,$69.02
A-ARM KIT UPPER 50-1014,All Balls Racing,$69.78
A-ARM KIT UPPER 50-1033 TRX650 03-/ 680 06-15,All Balls Racing,$76.86
A-ARM KIT UPPER LTA450/700 50-1037,All Balls Racing,$69.26
A-ARM KIT UPPER LTA450X/500X/750X,All Balls Racing,$67.12
AIR FILTER 48-1076,All Balls Racing,$83.14
AIR FILTER 48-1077,All Balls Racing,$83.14
ALL BALLS 4 BOLT WINCH 3500LB/1580KG SYNTHETIC ROPE,All Balls Racing,$699.00
ALL BALLS 4 BOLT WINCH 4500LB/2040KG SYNTHETIC ROPE,All Balls Racing,$799.00
ALL BALLS 4 BOLT WINCH 6000LB/2720KG SYNTHETIC ROPE,All Balls Racing,$999.00
ALL BALLS Carburetor Mid Body Gasket Kit 26-10157,All Balls Racing,$42.81
ALL BALLS Chain Roller Lower 79-5016,All Balls Racing,$55.83
ALL BALLS Differential Bearing and Seal Kit Front 25-2116,All Balls Racing,$306.48
ALL BALLS Differential Bearing and Seal Kit Front 25-2136,All Balls Racing,$249.15
ALL BALLS Differential Bearing and Seal Kit Rear 25-2137,All Balls Racing,$186.97
ALL BALLS EZ BOOT KIT UNIVERSAL LARGE ID80/20,All Balls Racing,$40.73
ALL BALLS EZ BOOT KIT UNIVERSAL SMALL ID70/15,All Balls Racing,$38.25
ALL BALLS EZ BOOT UNIVERSAL & TOOL KIT,All Balls Racing,$64.37
ALL BALLS EZ BOOT XL UNIVERSAL & TOOL KIT,All Balls Racing,$76.64
ALL BALLS Linkage Bearing Kit 27-1202,All Balls Racing,$206.50
ALL BALLS Lower Front Shock Bearing Kit 21-0009,All Balls Racing,$25.36
ALL BALLS Lower steering stem kit 25-1804,All Balls Racing,$76.46
All Balls Racing Accelerator Pump Rebuild Kit (46-3001),All Balls Racing,$42.87
All Balls Racing Accelerator Pump Rebuild Kit (46-3002),All Balls Racing,$42.87
All Balls Racing Accelerator Pump Rebuild Kit (46-3003),All Balls Racing,$42.87
All Balls Racing Accelerator Pump Rebuild Kit (46-3004),All Balls Racing,$42.87
All Balls Racing Accelerator Pump Rebuild Kit (46-3005),All Balls Racing,$42.87
All Balls Racing Accelerator Pump Rebuild Kit (46-3006),All Balls Racing,$42.87
All Balls Racing Accelerator Pump Rebuild Kit (46-3007),All Balls Racing,Regular price$42.87Sale price$30.01Save $12.86
All Balls Racing Accelerator Pump Rebuild Kit (46-3008),All Balls Racing,$42.87
All Balls Racing Accelerator Pump Rebuild Kit (46-3009),All Balls Racing,$47.59
All Balls Racing Air Cut Off Valve Rebuild Kit (46-4001),All Balls Racing,$42.52
All Balls Racing Air Cut Off Valve Rebuild Kit (46-4002),All Balls Racing,Regular price$44.89Sale price$31.42Save $13.47
All Balls Racing Air Cut Off Valve Rebuild Kit (46-4006),All Balls Racing,$42.87
All Balls Racing Air Cut Off Valve Rebuild Kit (46-4008),All Balls Racing,$47.59
All Balls Racing Air Cut Off Valve Rebuild Kit (46-4010),All Balls Racing,$44.89
All Balls Racing Air Cut Off Valve Rebuild Kit (46-4018),All Balls Racing,$47.59
All Balls Racing Air Filter (48-1001),All Balls Racing,$70.70
All Balls Racing Air Filter (48-1004),All Balls Racing,$56.12
All Balls Racing Air Filter (48-1005),All Balls Racing,$40.85
All Balls Racing Air Filter (48-1006),All Balls Racing,$65.46
All Balls Racing Air Filter (48-1007),All Balls Racing,$65.46
All Balls Racing Air Filter (48-1008),All Balls Racing,Regular price$65.46Sale price$45.82Save $19.64
All Balls Racing Air Filter (48-1009),All Balls Racing,$65.46
